,uuid,source,orig_id,label_method,lat,lon,datetime_local,season,width,height,heading,projection_type,sequenceIndex,mly_sequenceId,kv_sequenceId,mly_captured_at,kv_shotDate,mly_camera_parameters,kv_cameraParameters,mly_quality_score,kv_qualityDetails,kv_qualityLevel,kv_qualityStatus,mly_altitude,mly_atomic_scale,mly_computed_altitude,mly_computed_compass_angle,mly_computed_geometry,mly_computed_rotation,mly_exif_orientation,mly_is_pano,mly_merge_cc,mly_mesh,mly_organization_id,mly_sfm_cluster,kv_autoImgProcessingResult,kv_autoImgProcessingStatus,kv_dateAdded,kv_dateProcessed,kv_distance,kv_fieldOfView,kv_filepath,kv_filepathLTh,kv_filepathProc,kv_filepathTh,kv_fileurl,kv_fileurlLTh,kv_fileurlProc,kv_fileurlTh,kv_from,kv_gpsAccuracy,kv_hasObd,kv_headers,kv_imagePartProjection,kv_isUnwrapped,kv_isWrapped,kv_matchLat,kv_matchLng,kv_matchSegmentId,kv_name,kv_orgCode,kv_projectionYaw,kv_rawDataId,kv_status,kv_storage,kv_to,kv_unwrapVersion,kv_videoId,kv_videoIndex,kv_visibility,kv_wayId,kv_wrapVersion
0,fc27f6bd-3315-43d0-ab7d-c2529bd09b03,Mapillary,487029289408518,Manual,52.1024622854695,9.35609221458435,2016-10-14 15:12:03.870000+02:00,Autumn,5152,3888,181.0924077034,perspective,140,R9wXjhxisMkG5XYvJfvJ0w,,1476450723870.0,,"[0.77183327437733, 0.016130446005973, -0.0078021270761142]",,1.0,,,,114.36973816042,0.96785516871188,1.2781475894153,186.53866704577,"{'type': 'Point', 'coordinates': [9.3560624066469, 52.102410681533]}","[0.12646779012554, 2.1171235901257, -2.2098908495862]",1.0,False,9.48113189353e+17,"{'id': '933842414082844', 'url': 'https:\\/\\/scontent-xsp1-3.xx.fbcdn.net\\/m1\\/v\\/t0.40361-6\\/An_ZGZXIodINhdtuXjWAzP_CjTFSdLCUBRtWWH5Uf9HfgnNkLZrT-TctvZ7aJSSkmc28TH5y7ALzfkk4IcJo3gtOoCnkBKPkKIpnjeCaio6ExTHcLoht1a_JxJ89I02XNuk?ccb=10-5&oh=00_AfD-KQPOKZyt6R1vGHviJ4_oQI9E5f5fPfBmRN8WmAe7wA&oe=643A5FA2&_nc_sid=d122da'}",,"{'id': '1694444564059277', 'url': 'https:\\/\\/scontent-xsp1-3.xx.fbcdn.net\\/m1\\/v\\/t0.40383-6\\/An9RkG8DBYKMPOy6VCFOffetbSugSFPicp5izPzKcNs7qhm0ObpzaRaqf_nmbdV2uYOY6GklqpVr-tk2izYcGAAtH1ZIQFCMaGTtJemYrEWcHtnbircPwbWGQjZ29TS372T_avYyZq3EvQ?ccb=10-5&oh=00_AfD4pD48x_dDUOwIJsY_NMDhorReQKzmHm8cT6g80rseVQ&oe=643A6946&_nc_sid=0f319a'}",,,,,,,,,,,,,,,,,,,,,,,,,,,,,,,,,,,,,
1,ee2b4204-62b0-4a10-973d-5fe5d2c9f606,Mapillary,1911949492302126,Manual,43.99857230674508,-79.45789933204651,2018-08-20 17:10:03.020000-04:00,Summer,1920,1080,73.767906188965,,121,tbe10qoczyotclljllki4p,,1534799403020.0,,"[0.8, 0, 0]",,0.3375,,,,0.0,,,,,,1.0,False,,"{'id': '233151735241059', 'url': 'https:\\/\\/scontent-xsp1-3.xx.fbcdn.net\\/m1\\/v\\/t0.40361-6\\/An_tMg-bAbOykM-lzsavKRJGcFePVqiBQvDQ8lppRXt_66ZOP-MVxD4pA3g3ZO-CVbiTT7rwp5oYFJJfmRT8pWTvvU7hlWs9EFsnXqKRW69VZKmuOEkmsl1UVgnresExM_A?ccb=10-5&oh=00_AfC10vWOexoKNx906LXDiJ8kYekrR9aIDI6FGee0bTTzoA&oe=643A5742&_nc_sid=d122da'}",,{'id': '3618309551726692'},,,,,,,,,,,,,,,,,,,,,,,,,,,,,,,,,,,,,
2,eaa66d84-b317-4588-9e20-2b62aa22cfd8,Mapillary,4014873981891494,Manual,47.902257281660695,1.910489201545716,2020-09-26 11:34:50.838000+02:00,Autumn,3968,2240,245.36370849609,perspective,368,876ey4yzn7ps83n24b2e1x,,1601112890838.0,,"[0.73527171375547, 0.048990379751072, -0.06963313837065]",,0.95,,,,0.0,1.0028450497504,2.4787795431912,261.88762653486,"{'type': 'Point', 'coordinates': [1.9104817997086, 47.902209038729]}","[1.1698156405592, 1.2727574343368, -1.3651047909839]",1.0,False,5.4246351606084e+17,"{'id': '299921491663546', 'url': 'https:\\/\\/scontent-xsp1-3.xx.fbcdn.net\\/m1\\/v\\/t0.40361-6\\/An8LcG2upAVWAcAf4r6LZT3DjdbqNmz4ScdEUv0xeToh1vO-cSgwKRIz7iUxXaRYy5k-SXDRIB3Irf97TRIsTb1mdDLBtEVpQVKlw2AB9lCJukuEhSEWhWfqPgzZXIEsaEU?ccb=10-5&oh=00_AfDv6qcVZXdp3enTyPeIEiCIDLuqZ1ZMe9CPQ__alYFV9g&oe=643A6E33&_nc_sid=d122da'}",,"{'id': '564779271172630', 'url': 'https:\\/\\/scontent-xsp1-3.xx.fbcdn.net\\/m1\\/v\\/t0.40383-6\\/An-bWZDvWYQLjE1z9RgiEQAV85SSjviMMK69zTvHCVhRKny0HXqRlBQRcFad5foK2-rQtLkz-ESCbAf2LoDXh93MnDL5EEbK6Fqiike7xGyk4gzyVsb9nj9DEdMzg64-Vswp0ZWjILg6?ccb=10-5&oh=00_AfB_rBXFOMcMzGOkeO5QSU2DpGsZGSSeAqshlE6XD2xcJw&oe=643A79E6&_nc_sid=0f319a'}",,,,,,,,,,,,,,,,,,,,,,,,,,,,,,,,,,,,,
3,e91e9014-37ab-48a2-bd7a-cddf9c5c399b,Mapillary,1613619158839928,Manual,43.99958333838023,-79.45865571498871,2018-08-23 17:07:31.567000-04:00,Summer,1920,1080,206.84469604492,,62,zfbao1rh7pjrakrppvq9vj,,1535058451567.0,,"[0.8, 0, 0]",,0.6621186440678,,,,0.0,,,,,,1.0,False,,,,{'id': '341132644100522'},,,,,,,,,,,,,,,,,,,,,,,,,,,,,,,,,,,,,
4,e13ead66-a9d1-4a5d-87b3-87481fabdf4a,Mapillary,251788460030794,Manual,44.0000116710149,-79.45783495903015,2018-08-23 17:07:24.267000-04:00,Summer,1920,1080,258.41622924805,,40,7su8b4qkxl2vidybs6019b,,1535058444267.0,,"[0.8, 0, 0]",,0.71976744186047,,,,0.0,,,,,,1.0,False,,,,{'id': '472230367381997'},,,,,,,,,,,,,,,,,,,,,,,,,,,,,,,,,,,,,
5,dbcc3663-49d1-4c05-a6ed-4dc3ae6f6061,Mapillary,162325112503024,Manual,47.903616662123085,1.895501017570496,2019-11-04 09:17:15.549000+01:00,Autumn,3968,2240,284.67803955078,perspective,34,ro14av7lj69ciig782p9aa,,1572855435549.0,,"[0.73613710915326, 0.03021867262046, -0.038738434947301]",,0.91878612716763,,,,163.78774562825,0.99974868202322,2.0624833581969,288.83791085851,"{'type': 'Point', 'coordinates': [1.895435198287, 47.903613543371]}","[1.2687934195678, 0.94955037300757, -0.95317240820922]",1.0,False,4.3178754436329e+18,"{'id': '536688210656276', 'url': 'https:\\/\\/scontent-xsp1-3.xx.fbcdn.net\\/m1\\/v\\/t0.40361-6\\/An_BmcL19HyBvUcNlBF335H1WIB40OPShDYsVFTDqAfpwWdIPNrJttlRk9iB-nSMVeUQdmNixMgjsmZ0q5lldNSbHwrDTylWgzvuTOvc1u1bszoPUHlR4wF1Yit59dEWBLg?ccb=10-5&oh=00_AfAWOwffVzT4JvjbNGLTnD5fV46tj1mv9tWdru-AB0KBEg&oe=643A5E33&_nc_sid=d122da'}",,"{'id': '522080255465007', 'url': 'https:\\/\\/scontent-xsp1-3.xx.fbcdn.net\\/m1\\/v\\/t0.40383-6\\/An_SPQe4MqkFsEGWQrnVduqfIxz4bA1FxX77iD7Rqoy3KrmUOa0CaqBfeexo7QOxp7U-tUJxPhQIlyEOfq75PBYr-vEgAoPvFrlxa-nRDcJarCAuWM7_E7lvNiryS8VGlaknU5BX4t3xuQ?ccb=10-5&oh=00_AfDow_L34kcLVLhwG96lV0__k9664T2Q7e1dw-07Vvpe0A&oe=643A7D2F&_nc_sid=0f319a'}",,,,,,,,,,,,,,,,,,,,,,,,,,,,,,,,,,,,,
6,db090b0b-b6e9-4318-a432-225d83109542,Mapillary,227488628823257,Manual,43.99963350362347,-79.4535380601883,2018-08-23 17:08:42.544000-04:00,Summer,1920,1080,59.397857666016,,211,i4hvzcnaofzn0dzqr0ydvt,,1535058522544.0,,"[0.8, 0, 0]",,0.77941176470588,,,,0.0,,,,,,1.0,False,,"{'id': '443877510666537', 'url': 'https:\\/\\/scontent-xsp1-3.xx.fbcdn.net\\/m1\\/v\\/t0.40361-6\\/An9H4oF3LRxxTEWeYHUWqF_Xj8MxLtzQcey7ThgeWEZX0TIQhTf7r_NLmZJSzPNoMPaP4JMb6OgIk6Oie_sWFxeXOoY-kE0LXvT55TIIWQflWevifDyrB42jL64nO6fykSg?ccb=10-5&oh=00_AfCF7PRPJWI4OZBWAkgI4MQli3FnxCsN66y2excJhPOxNA&oe=643A58FE&_nc_sid=d122da'}",,{'id': '323784155765388'},,,,,,,,,,,,,,,,,,,,,,,,,,,,,,,,,,,,,
7,d784ff3c-b45a-424a-ac7d-eb366d8dd995,Mapillary,302823854649153,Manual,52.10014247425656,9.355067610740662,2017-10-13 13:08:53.077000+02:00,Autumn,5152,2896,237.55191040039,perspective,24,otnZTnaPcnWk0CAvaa2eVA,,1507892933077.0,,"[0.83406910146432, 0.040114827204542, 0.018617546528071]",,1.0,,,,124.78482505631,0.98574726091784,2.042542193085,230.09732900275,"{'type': 'Point', 'coordinates': [9.3550430530493, 52.100140461698]}","[0.91922446504198, 1.8376484904754, -1.6182263457619]",1.0,False,3.3705298052593e+18,"{'id': '3819637024812579', 'url': 'https:\\/\\/scontent-xsp1-3.xx.fbcdn.net\\/m1\\/v\\/t0.40361-6\\/An-LLGHpuuzdXQKGkUfoPBW7bNYFsPEGeKIgmFzO0pPbQEp4-TWD-MzdKYglIPAY2xcaMZag6mq1QZrsLMmgW7EsvQUkl87g8zzuhEACmUEucHOCmd-7SQEueaZeH8LL5MZu?ccb=10-5&oh=00_AfCrJRE60BYbYRP8WZq0tt1Z1P5k5f7Ryno4xFy4Hpqsig&oe=643A8129&_nc_sid=d122da'}",,"{'id': '4589129217770721', 'url': 'https:\\/\\/scontent-xsp1-3.xx.fbcdn.net\\/m1\\/v\\/t0.40383-6\\/An9dHHGB0Ny0pUrWy-yICs0XwTN5d_SEl76zRxvHsiz63gAFo1a1LwW9XnQ1x4I0tCcdltnRLBcBD2-kvCYe7rGiv1fQLt-auhIKhS_jit7q8RKI_MWFQyHIBA2WSUP9xTy-fpGDMFJ_?ccb=10-5&oh=00_AfCjYRyd-9qggC7eHpy8zMLlWldnZ4lJrHe8ht3uUszjmw&oe=643A6546&_nc_sid=0f319a'}",,,,,,,,,,,,,,,,,,,,,,,,,,,,,,,,,,,,,
8,d4cd4b7b-aec9-4525-b9d5-8bab201bf8c5,Mapillary,1573577382835548,Manual,47.90787078881385,1.901766657829285,2015-02-22 11:09:42+01:00,Winter,3264,2448,220.07629391178,perspective,3,xVbqsl-4JBiTAd8aUzRaGw,,1424599782000.0,,"[0.794941659246, 0.0730843730298, -0.107240784184]",,0.75942028985507,,,,117.0,1.0,1.999987876974,226.04515229002,"{'type': 'Point', 'coordinates': [1.9018907434998, 47.907835129946]}","[0.77245830604, 1.8028168354781, -1.7089802230376]",1.0,False,2.6443673052848e+18,,,"{'id': '553336342313498', 'url': 'https:\\/\\/scontent-xsp1-3.xx.fbcdn.net\\/m1\\/v\\/t0.40383-6\\/An-3aLd0G5azmLYRmcWECW5o08ECLzPH6LWpSMO_rKOtsbgVsHtM-M3_obQaG9kH7O6sA7RyLNwftPOinXgjSTa5EOJjhVcQLE6L_enugan4GFeLPmbZ8q3IDtMTAZm6e2vvDYtx10MAxQ?ccb=10-5&oh=00_AfBwB_ZxKOjqBEOKyCrYKaZ1u8hkX4d0Pig5nI_wbq9b1g&oe=643A821E&_nc_sid=0f319a'}",,,,,,,,,,,,,,,,,,,,,,,,,,,,,,,,,,,,,
9,be2527d0-0b21-4000-90eb-40f0d3e33367,Mapillary,762759514391120,Manual,52.10457439499652,9.3546062707901,2016-10-15 11:21:03.019000+02:00,Autumn,5152,3888,179.24154138565,perspective,23,zRyd7_uevfgK3ZgI-LD17g,,1476523263019.0,,"[0.82422474876957, 0.042196406452065, 0.031789973366801]",,1.0,,,,132.31175718807,0.58316474056993,0.86953832581639,169.35179760925,"{'type': 'Point', 'coordinates': [9.3545613174084, 52.104548555538]}","[0.10252205885878, -2.0712326555093, 2.0941164256731]",1.0,False,1.525424463919e+18,"{'id': '178711054106233', 'url': 'https:\\/\\/scontent-xsp1-3.xx.fbcdn.net\\/m1\\/v\\/t0.40361-6\\/An8YT8D6VnxqyGJs-jZYeYLb1QR7jclv62C-edDFuHeMlFAWl3u8nRLq3rCFZ1lUlsWjHLzJV-jEKdZvR2xkx1MSWFRmexasZM1bRpTIK_4ElI0Epi4zD_jtl7A-tATZUpc?ccb=10-5&oh=00_AfBxK5wbp5EYLQwtj9RZZxMnS6osdv3f1u7_BS0pSHfggQ&oe=643A822A&_nc_sid=d122da'}",,"{'id': '301923128179200', 'url': 'https:\\/\\/scontent-xsp1-3.xx.fbcdn.net\\/m1\\/v\\/t0.40383-6\\/An90tVfpA1WKKtfKOd26n3Do0HcgRA4DBoMpVoDVoEHHfoKmC5S1pVvCRNyr5qJsOXjLDdyQK7XGdykMrRBGdSBivCRFfPHZFSmhDh0y1OOMfx_luuvgMGtYXFmB7wegxlM-Sf4vw8_U?ccb=10-5&oh=00_AfD7TtbF68qXICzuGCSkj62QhL62-npILvMdsDmLU63lWg&oe=643A831E&_nc_sid=0f319a'}",,,,,,,,,,,,,,,,,,,,,,,,,,,,,,,,,,,,,
10,a794bad2-a826-47c7-8417-54ef6e9d3fd5,Mapillary,1085842441905172,Manual,43.999695245403046,-79.45855915546417,2018-08-23 17:07:30.367000-04:00,Summer,1920,1080,213.87542724609,,58,wmgif553rilysep2uvntjj,,1535058450367.0,,"[0.8, 0, 0]",,0.62156308851224,,,,0.0,,,,,,1.0,False,,"{'id': '625408368903643', 'url': 'https:\\/\\/scontent-xsp1-3.xx.fbcdn.net\\/m1\\/v\\/t0.40361-6\\/An-A1BEsRmEEwLSy7OFmaqGI805OA4PSq0YcJOAWZTLeJVPek85pz6_Re5LBwRAqbpOdornzUKouZDF6iddk1MeOk9FzvIl5AKWVObXjpOzDQVdQHq8dq2jBSl6VV__R0_w?ccb=10-5&oh=00_AfBW9zdXfdlPDxnsq9f2PtFczyQYsPUoc-1_tgvdH8P2Mg&oe=643A79BA&_nc_sid=d122da'}",,{'id': '4378159792216010'},,,,,,,,,,,,,,,,,,,,,,,,,,,,,,,,,,,,,
11,a3ddd13d-a6bf-4abe-bc97-0e896ddbb58c,Mapillary,129497249124621,Manual,52.103342068675545,9.3520849943161,2018-10-13 10:44:39.507000+02:00,Autumn,3840,2160,152.68811035156,perspective,8,D96R7WdbR8aGeZ7jBRi06Q,,1539420279507.0,,"[0.74621255697042, 0.015509426723346, -0.010895257746124]",,0.5741568627451,,,,122.00465147658,1.0728884008058,1.9283083863556,155.2150490831,"{'type': 'Point', 'coordinates': [9.3521548935363, 52.103315246511]}","[0.41544163536996, -2.0513310916792, 1.8984512362872]",1.0,False,1.1279438999862e+18,"{'id': '1639478023107492', 'url': 'https:\\/\\/scontent-xsp1-3.xx.fbcdn.net\\/m1\\/v\\/t0.40361-6\\/An_PKz8tqG_knFUsy6JrVqExYA3af9N1nm3DlowWnscZ8p8usVGoWhThN4dExlcFyp97AueLUQQvUvi4QaYegTI7_64byjrPEaMj2apMw1g8SGghN770UH33OqSnKabmq8rO?ccb=10-5&oh=00_AfAQrcPXVlcVyARZWG9BbUUE-Vl4JQtNlbjE79SADN1VVA&oe=643A76B1&_nc_sid=d122da'}",,"{'id': '3019097261652302', 'url': 'https:\\/\\/scontent-xsp1-3.xx.fbcdn.net\\/m1\\/v\\/t0.40383-6\\/An--uNMjD13LiUuK-6xtDu7eP_W-GL1otaxw71jU_3EsGsoVJEkN17LJmkooIQNvTJgNmBSSLKaKEMWxrgvF4Rr_O6xK3u-lb18aJp8Oupngtj4hGvrY7Jc2jSYpH8h6bwzBZsZq2nFI?ccb=10-5&oh=00_AfDWj0wygBxwSf39h2-s45X--3eL6lfe9v7qiX7_VGaNOg&oe=643A82D1&_nc_sid=0f319a'}",,,,,,,,,,,,,,,,,,,,,,,,,,,,,,,,,,,,,
12,97fb0fd9-6b8e-480b-967b-ab86c89f427b,Mapillary,2643856569248041,Manual,47.90784921339838,1.901434063911438,2016-10-08 16:13:03.352000+02:00,Autumn,3264,1840,248.58592998981,perspective,28,Bh1MsfXoRrSHWkoKX-y12A,,1475935983352.0,,"[0.85148489560195, 0.015854572224032, -0.0048542504965366]",,1.0,,,,106.0,0.97320713253631,2.1826600627974,240.69630326623,"{'type': 'Point', 'coordinates': [1.9013620797144, 47.907845041007]}","[0.87999028433283, 1.6685337124073, -1.4627287758992]",1.0,False,2.6383646953876e+18,"{'id': '203400028042128', 'url': 'https:\\/\\/scontent-xsp1-3.xx.fbcdn.net\\/m1\\/v\\/t0.40361-6\\/An_CaGK2htjtUSvB_MfZ03INYag4ypIiPHi4mXdBldXh_AGd-4dzdoIykGPTX7pXe0X4OMR3lhL-hOAGvtQWHj-SVCPP46A6w6749LMcqgyCWcFEVU0PWVVY2HL3IXp1mH8?ccb=10-5&oh=00_AfB-vmaHycrS5PGYj6S7HDZM-h9aI6D-_xbX75VWHY19jg&oe=643A8649&_nc_sid=d122da'}",,"{'id': '341861767360052', 'url': 'https:\\/\\/scontent-xsp1-3.xx.fbcdn.net\\/m1\\/v\\/t0.40383-6\\/An9s0enajxHPlGLcXerC7r1zru7Vuw-jaPp1Tvhdk81uQWcv1oYEQjHK3Noqi6Z0QsLSP4oPciVfdF0Go5TC9qFAxoa8FTTQ7ln43Q3d7N1UUzOs9MuQkDA88P_NiuqhXAJcVLluc9ZX?ccb=10-5&oh=00_AfB_YfbCRUD2n8jYpigaEr1MjDoSp76VGhNZYDX6tGSkPw&oe=643A7BEB&_nc_sid=0f319a'}",,,,,,,,,,,,,,,,,,,,,,,,,,,,,,,,,,,,,
13,964c05a7-364a-4a23-9e36-b9dae57e6709,Mapillary,216443753376621,Manual,43.99931707599478,-79.45456802845001,2018-08-23 17:08:36.465000-04:00,Summer,1920,1080,72.515037536621,,187,dq3e7um47n8nf28rxqecim,,1535058516465.0,,"[0.8, 0, 0]",,0.85,,,,0.0,,,,,,1.0,False,,,,{'id': '480632686536215'},,,,,,,,,,,,,,,,,,,,,,,,,,,,,,,,,,,,,
14,8b301438-9498-489a-996e-2ec60cef760f,Mapillary,801320764136858,Manual,47.90944936564503,1.8957746028900144,2019-12-16 12:20:54.769000+01:00,Winter,3968,2240,327.04376220703,perspective,442,61zd9jmga8uklevjz4c0ja,,1576495254769.0,,"[0.75, 0, 0]",,1.0,,,,173.8319686015,1.0,1.9987812275067,319.66521731378,"{'type': 'Point', 'coordinates': [1.8957780668795, 47.909449015934]}","[1.4951804137475, 0.54024165008412, -0.56075223784302]",1.0,False,4.287927752829e+18,"{'id': '3078559722388895', 'url': 'https:\\/\\/scontent-xsp1-3.xx.fbcdn.net\\/m1\\/v\\/t0.40361-6\\/An_NIUx1_WVkHe7jCX1E3vPMnWrt95Enl6SmgtY_UUOBjyYrM-1MDP5iKzZibvXjm3ILkdBGTt4aUXJp9UQo-Kr0IKMsq-5Hd3aTIkJguQHw3_G7Ux8dKYjgmV8eME0V_05B?ccb=10-5&oh=00_AfAZrHJ3-72S21xUI5ZumyGX-FL-Sdpu7AuCkpDUmmKjVw&oe=643A705B&_nc_sid=d122da'}",,"{'id': '142922784520654', 'url': 'https:\\/\\/scontent-xsp1-3.xx.fbcdn.net\\/m1\\/v\\/t0.40383-6\\/An-kwtKNH2plrzhsNa6Uj_AyE3eO3nEEHfeaqnvuS-Ydgu6E6KMV4l2tpOprFVRPn1BrarUKgHMQj2BDtQlxNLUwjK9S45dcoyRGRpdvDIHFTbIYNyJOCHMKxCiFIg6i6nYDfascpF13?ccb=10-5&oh=00_AfDspVjgyZ0-PelXVIjGeLlksCBVcVF4gnL1-w6AS6nUBw&oe=643A6D75&_nc_sid=0f319a'}",,,,,,,,,,,,,,,,,,,,,,,,,,,,,,,,,,,,,
15,6fa67d91-0bf5-4914-a1c5-4859a6cedfbd,Mapillary,531109791599907,Manual,47.90383602969905,1.9089335203170776,2019-02-24 11:10:22.406000+01:00,Winter,3968,2976,235.29486083984,perspective,102,T6SEanMVTzCoAKYD3ctEnA,,1551003022406.0,,"[0.761745035556, 0.0103009035333, -0.0229966011864]",,0.83159100521641,,,,171.82397450461,1.0,2.0440786899999,195.94955856644,"{'type': 'Point', 'coordinates': [1.9089356627285, 47.903833978673]}","[0.26408986318944, 2.0552078937996, -2.0687302645578]",1.0,False,2.4689329499005e+18,,,"{'id': '239636051259597', 'url': 'https:\\/\\/scontent-xsp1-3.xx.fbcdn.net\\/m1\\/v\\/t0.40383-6\\/An_EAt7ypk5HvWiuFQWrI0z9EWmujSfaEETE8WI-mnPPVEeVyu-MhU6uGIaoAcSgj3uUO-vRZhRF-yYmvtnUWCCP0JTjsEoNFrejuuFeiC1w3xf-Ef3_RS0-zR0SwRNJAO3eQbACXLbH?ccb=10-5&oh=00_AfB6u7_l3np5D96wMCkOQKRbu-8aESozCr7RnziafQ0v7Q&oe=643A6CDC&_nc_sid=0f319a'}",,,,,,,,,,,,,,,,,,,,,,,,,,,,,,,,,,,,,
16,6c0dcd34-b7da-4324-8541-61da9c879b2f,Mapillary,555931662062869,Manual,44.00011200073459,-79.45703566074371,2018-08-22 17:37:47.085000-04:00,Summer,1920,1080,79.409576416016,,44,0f9z46zlg0surz6cgfx294,,1534973867085.0,,"[0.8, 0, 0]",,0.72846739490235,,,,0.0,,,,,,1.0,False,,,,{'id': '204557424825873'},,,,,,,,,,,,,,,,,,,,,,,,,,,,,,,,,,,,,
17,5a51ac08-742a-4808-90e9-440c6c03461c,Mapillary,305726617676665,Manual,52.10338819915131,9.356253147125244,2016-10-15 11:46:45.307000+02:00,Autumn,5152,3888,341.7961628437,perspective,116,XZQwfsj1dtR2xCJ7U0F2_g,,1476524805307.0,,"[0.82392751097877, 0.0086422238154332, 0.030016828956812]",,0.8780487804878,,,,127.70258664026,0.99533883649101,3.2769316583872,3.0165603135902,"{'type': 'Point', 'coordinates': [9.3563092605394, 52.103487786766]}","[1.5977929248374, -0.030716382621678, 0.051983849956793]",1.0,False,1.9932563729799e+18,"{'id': '324147852468104', 'url': 'https:\\/\\/scontent-xsp1-3.xx.fbcdn.net\\/m1\\/v\\/t0.40361-6\\/An_-MBawr4ipyI1TzBI2MHbAyACNZ1Il-P24tdUdbUtMXl2sndIZG92X_9e4APGa7cn5Mpu9ScsRGWMLJvLoQjruHTcl__GYUuuVeXTrgCu9M8PWzD_rgC8ACi1iQJqwa1c?ccb=10-5&oh=00_AfD7sb8Zhz03LOKxhRqXYe8tXwBz7YTTb-NrunddXRKeJA&oe=643A8602&_nc_sid=d122da'}",,{'id': '480266336624569'},,,,,,,,,,,,,,,,,,,,,,,,,,,,,,,,,,,,,
18,58c85061-021f-4122-b3b5-a2470f35c341,Mapillary,871477950414260,Manual,47.90168187177011,1.902807354927063,2019-10-10 18:19:58.536000+02:00,Autumn,3968,2240,215.88600158691,perspective,62,yc607bwodhrnuab2ny6cxd,,1570724398536.0,,"[0.72697430603334, 0.019442306708106, -0.029222848323422]",,0.98192771084337,,,,172.88700100585,1.1355606360814,1.2760622408241,197.79578281417,"{'type': 'Point', 'coordinates': [1.9027918743938, 47.901715853478]}","[0.3427868243231, 2.1050148933005, -2.017462567253]",1.0,False,4.4733963629619e+18,"{'id': '225411032331265', 'url': 'https:\\/\\/scontent-xsp1-3.xx.fbcdn.net\\/m1\\/v\\/t0.40361-6\\/An8HgSZgsJXon5XFg3idr7aEo6fpZRFTdrhxNJla4j6UDMZ63MUb5ZA1Sx51pV4DV1zuhXLNkxHyEWN923TEapGWmcFs0l8LJ0aGq20lJEZ49WTYe7rL6ukfAlgSTbXkqoc?ccb=10-5&oh=00_AfAzBZJVPIS9Nhwj3Ka5NFCvUBWbSqF0ock9cC4SueJulA&oe=643A7805&_nc_sid=d122da'}",,{'id': '200011808510828'},,,,,,,,,,,,,,,,,,,,,,,,,,,,,,,,,,,,,
19,4f0e9070-13a5-4ea3-bcb9-6666862b2fad,Mapillary,390987432221616,Manual,47.90864749778194,1.9114923477172847,2021-06-12 11:42:27+02:00,Summer,5760,2880,0.0,spherical,259,8hYV6wxsLou2erKcIHfgqd,,1623490947000.0,,,,0.0,,,,157.775,0.99217699087597,1.575347410515,112.65793432267,"{'type': 'Point', 'coordinates': [1.9115243005915, 47.908664766553]}","[1.0291743880182, -1.5043759886632, 1.4991341145139]",1.0,True,265369465.0,"{'id': '485639419188678', 'url': 'https:\\/\\/scontent-xsp1-3.xx.fbcdn.net\\/m1\\/v\\/t0.40361-6\\/An9yBQ5ZFkctZSSXp6U0Jh4EluctRLM43hrQezXwautnI1MWaUyagK2tawrjMrfEoEt3mtWk2YYPXMFwcu80veuKl2onh_riqg9pRXm3I3MVNSRJkbmDcXrd_2_bdA5Vzho?ccb=10-5&oh=00_AfDEaVJQW3HWpfbp6sKZW4ATie_d5Ls0nz6vazX_MhD3iQ&oe=643A82D4&_nc_sid=d122da'}",,"{'id': '782145762495425', 'url': 'https:\\/\\/scontent-xsp1-3.xx.fbcdn.net\\/m1\\/v\\/t0.40383-6\\/An-gXvdj-i9KR-0e01YqyoKYyZ6I0oWQ57r_BdaGtEP0Pu4JEeuz7mY83xD3_VfC8hgTXXQJsB7hyCdj1RIeoEXHV9iDXdoZ88aiRhGb_3J2jr7i3dhH3RN2l0nt5cJN7PDz8EMT73KE?ccb=10-5&oh=00_AfBLbRPuhZeiU2AdE3IrdcxBngsOxQ8sI2A5nF5ptWuAmg&oe=643A7547&_nc_sid=0f319a'}",,,,,,,,,,,,,,,,,,,,,,,,,,,,,,,,,,,,,
20,4d2c563d-5241-49d1-addf-3c096c0534a2,Mapillary,886187308918211,Manual,47.90402662700211,1.9042932987213133,2021-08-14 14:30:29+02:00,Summer,5760,2880,0.0,spherical,343,18B0fW2wQiTHVhUg4k7tez,,1628944229000.0,,,,0.0,,,,166.252,0.98351309798695,2.0157648557797,17.042155263644,"{'type': 'Point', 'coordinates': [1.9043078492666, 47.90399455927]}","[1.4945220019726, -0.48387489410278, -0.024618991335776]",1.0,True,2015127734.0,"{'id': '884951182364770', 'url': 'https:\\/\\/scontent-xsp1-3.xx.fbcdn.net\\/m1\\/v\\/t0.40361-6\\/An-dXssqG-aHVhNS-zv9GU_l9DZwN691ymGaEfnGkZ30-XH87B53ahT8MhYHhrEKO9kEr-rSWU5VO-G-7L2iAUu_-lJRyyNf5KMj24NKIG4lnMX_i0xWKCj5oqLBinXfJB8?ccb=10-5&oh=00_AfAiLapEJqS4a7UzL4qlXXpYlxEbzEIieecWcaVCwLCwKw&oe=643A60F1&_nc_sid=d122da'}",,"{'id': '213404957395210', 'url': 'https:\\/\\/scontent-xsp1-3.xx.fbcdn.net\\/m1\\/v\\/t0.40383-6\\/An9Pk0JeY8-HRpIpQS-wCJHl_F41ZRXRD5H70oscKYE-sumUt8D4G5BBB8OgSWR9_sLIlawv24KrAwa7Cm9wdXPMhghZWACU_EiWD_lbgJjHScnh8MLVr-XjBRt1DBJwn7spw0OOFhiVeg?ccb=10-5&oh=00_AfBObSmCdqNbu3e3fT5WWzwtmXn3s9Lg56ktNpi88ZX6DA&oe=643A7870&_nc_sid=0f319a'}",,,,,,,,,,,,,,,,,,,,,,,,,,,,,,,,,,,,,
21,4c352b2d-ec50-4c52-ad4c-24a67a0da110,Mapillary,2967575596859955,Manual,44.00185616721089,-79.46816682815552,2019-09-25 14:58:17.899000-04:00,Autumn,4000,3000,170.29553222656,perspective,296,zh7g2n2kkc8fn7yxgp2ejj,,1569437897899.0,,"[0.85, 0, 0]",,0.70779914529915,,,,220.0,1.0,265.43697203789,170.43326869539,"{'type': 'Point', 'coordinates': [-79.468163690755, 44.001853594634]}","[0.16107542974848, -2.0021026463098, 2.2448214486811]",1.0,False,3.6824114413215e+18,,511759473282597.0,"{'id': '788355538537555', 'url': 'https:\\/\\/scontent-xsp1-3.xx.fbcdn.net\\/m1\\/v\\/t0.40383-6\\/An8KeaeazSoN-c63yGUnOExdAGcTh2bpCFPJaHOtAyvcZMP3SRK0eNtGQI7iRZVTRG41wtMBPLhZ2ttyLh8kmZnCPBBvT3pKXLM81jMkO5ItIDoVc69rH6-5z8diEstySstaztoBbEQl?ccb=10-5&oh=00_AfCoSi_GJgOJrs_FUwsNKk-8U00UDzIu7HTlsazViRdM1A&oe=643A5FA9&_nc_sid=0f319a'}",,,,,,,,,,,,,,,,,,,,,,,,,,,,,,,,,,,,,
22,41c85f14-2ed6-42f7-b2f2-fd2318d70eea,Mapillary,149717844218275,Manual,52.10397141605122,9.35638189315796,2022-04-12 14:33:52.793000+02:00,Spring,3840,2160,339.7750549316406,perspective,122,Yf0PZrLTtcw3JhVGImN1Ko,,1649766832793.0,,"[0.71139, 0.055147, -0.098939]",,0.0,,,,117.30000305176,1.0033729047972,2.4713234109804,1.547239266194,"{'type': 'Point', 'coordinates': [9.3563903009992, 52.103975174749]}","[1.580425, -0.017791, 0.024649]",1.0,False,2090959060.0,"{'id': '1128170844424722', 'url': 'https:\\/\\/scontent-xsp1-3.xx.fbcdn.net\\/m1\\/v\\/t0.40361-6\\/An94j-ATeVu-JOMYOydFPD6BR0G80pkyj6quO9VFqywMrsOuR8YIDRHqZX9Vze3eh47eOd7IMRKEjYDHGeKq0-POwXbeL-wQRqqkHlX_zabYbSQIO7qsCHibxFpN11NOnPCd?ccb=10-5&oh=00_AfAB9YMRXkIE3hvwafWJIZKKi0T-J8xw4BnFfd1pDIPq_g&oe=643A7804&_nc_sid=d122da'}",,"{'id': '497688822044742', 'url': 'https:\\/\\/scontent-xsp1-3.xx.fbcdn.net\\/m1\\/v\\/t0.40383-6\\/An_iNWBssBnW10FUkEuWPm28ZvSFMsV7_amXTI22kZt3Rq1K66TP4yr2MrQA41Dgyrh7F3fJgpSx0-fbclUjTllkN5lkboTH-pKicri_1C7gkSFloVYeauUCtOIoHYnbXVnA9J8r1Zeb?ccb=10-5&oh=00_AfAz2vp5tDp6Ka_Tnb_Fkxjug8FWPnRyyb5BLwdbgbYgOg&oe=643A70A1&_nc_sid=0f319a'}",,,,,,,,,,,,,,,,,,,,,,,,,,,,,,,,,,,,,
23,3a4b60ca-5f62-4a3a-a255-e16a211554a9,Mapillary,912307629327688,Manual,44.00067152875224,-79.4633013010025,2020-03-07 16:37:06.990000-05:00,Spring,3840,2160,252.0931863163,fisheye,87,v4lzilsagfpqi6ydasgpvi,,1583617026990.0,,"[0.50214137033101, -0.053410796042456, -0.0048560974165157]",,0.31089150546678,,,,254.00780780781,1.3152554244617,270.84481093753,256.7287440194,"{'type': 'Point', 'coordinates': [-79.463108731386, 44.00066416225]}","[1.1120130101353, 1.3018849373481, -1.4641890278644]",1.0,False,3.780257443577e+18,"{'id': '502443440974445', 'url': 'https:\\/\\/scontent-xsp1-3.xx.fbcdn.net\\/m1\\/v\\/t0.40361-6\\/An8i4a7iIP_KAYuponWDl9fDt8BivAB-2ciDGKAyZGASRjxaQD5x-mdR6RB5f0UK3_2egyK956VLiiVyWHzcGzkQshHLPLoqqJZ_SqHzoL3zf8dbYAse6XHej3kLGS61eFA?ccb=10-5&oh=00_AfBW1JcZ_nRMv4RssVPvjXvuYC79wGplzlZSYiLSBAfR0A&oe=643A75FC&_nc_sid=d122da'}",511759473282597.0,"{'id': '252343993327010', 'url': 'https:\\/\\/scontent-xsp1-3.xx.fbcdn.net\\/m1\\/v\\/t0.40383-6\\/An_vrZuxaS2X4iuSrhnHSpBQBYLb9lxj7ySCVvVjA8Op7_n6pjuPYNEzThSi5kw1_PUdG1uh7wpMycapjrQ_Hi_Azhe3-WPOH-ADwhtU3bnwZGDADcOxcI9OfTJs_FpztgphBuImyMSy?ccb=10-5&oh=00_AfBfc2nM--DhYTD0ni3Qurv0DDQxt2In47CMPzY-uaYBVQ&oe=643A5E53&_nc_sid=0f319a'}",,,,,,,,,,,,,,,,,,,,,,,,,,,,,,,,,,,,,
24,3997a807-6d56-46e9-8675-337c2a505626,Mapillary,147369440641978,Manual,43.99958719724663,-79.45365607738495,2018-08-23 17:08:41.875000-04:00,Summer,1920,1080,60.764389038086,,208,4r37zb1hxzdhm1ma5s1sii,,1535058521875.0,,"[0.8, 0, 0]",,0.84605885444036,,,,0.0,,,,,,1.0,False,,,,{'id': '956846471736655'},,,,,,,,,,,,,,,,,,,,,,,,,,,,,,,,,,,,,
25,278347a2-48df-4d48-9f06-f1c5c937fca8,Mapillary,297817391952511,Manual,52.101671454293125,9.3558669090271,2016-10-15 11:41:28.462000+02:00,Autumn,5152,3888,91.923758506775,perspective,135,tMY8T4rYdABtnYPAm7PWbg,,1476524488462.0,,"[0.80282418641393, 0.016826901836499, 0.011328897843735]",,0.058117381850101,,,,122.09235845637,0.93249212066728,1.9703420456499,94.384866035304,"{'type': 'Point', 'coordinates': [9.3559125010213, 52.101669154985]}","[1.2271836916023, -1.377876030385, 1.1742249864418]",1.0,False,3.0762280890132e+18,"{'id': '210683230570570', 'url': 'https:\\/\\/scontent-xsp1-3.xx.fbcdn.net\\/m1\\/v\\/t0.40361-6\\/An9ogZIBgjYaPjT_yS4-WNQhhU0nkZw1hsxH46ysz9QQZQxiNffwlABGnL20ZH3bcrp7tvPNHDyid4dPrt7VAcXDwoAgK3-DsjsaWAZNoocNxmPXY55kUpRJCnQ5Ki0rpBI?ccb=10-5&oh=00_AfAVS6ONjjbRXdR2WSZXMtZN00BImTj_7_NgY1mIZj-rPg&oe=643A53B6&_nc_sid=d122da'}",,{'id': '304297867880704'},,,,,,,,,,,,,,,,,,,,,,,,,,,,,,,,,,,,,
26,22deb7a3-0fc5-4723-9945-08e246b2e05c,Mapillary,162368295825256,Manual,47.90451210752815,1.9042181968688965,2020-08-02 09:42:12.257000+02:00,Summer,3968,2240,246.2629699707,perspective,207,n654zpmsulugpo9uaecrrb,,1596354132257.0,,"[0.76464942612351, 0.040408104596328, -0.027913899513124]",,1.0,,,,158.30000305176,0.94358376429567,2.2450018469244,261.29545418519,"{'type': 'Point', 'coordinates': [1.9041984614959, 47.904592176333]}","[1.1583905614979, 1.3307361362315, -1.319276709444]",1.0,False,1.6665654736541e+18,"{'id': '286682899829178', 'url': 'https:\\/\\/scontent-xsp1-3.xx.fbcdn.net\\/m1\\/v\\/t0.40361-6\\/An_tQstSV5HSkDTWDty1sgyMIGwuojqTPvoaWqhzROLuQf8Gr3pK17xTEHCOCnwNU9mDuzFPa6LpMkxDa10g96EAIP6ga7bCZqA1jh7rZHDkNq76J1UColsPzHx8z-NIDTM?ccb=10-5&oh=00_AfBQdulyryJYkxSAmhHSBUCTuBuPtOqLWrPG0gfIkJiROA&oe=643A6D74&_nc_sid=d122da'}",,"{'id': '1135390713619892', 'url': 'https:\\/\\/scontent-xsp1-3.xx.fbcdn.net\\/m1\\/v\\/t0.40383-6\\/An-REuN6NT-tnCsvHujk6-0kYla0QOXSk-k3o5kFsbflsFIYhLpGQM99wYvoh40aMkBnz2_I89Dak3vOpHZIPmGv-DWi_qealRDNISp_zAk3RYnNJ8Fm53mQQd43-sEFo2AwZnkqkdBH?ccb=10-5&oh=00_AfC8wQj56p3uIbFPGB7ol0HVTfpkUc-0xVSIkJDzItiLdQ&oe=643A7B3D&_nc_sid=0f319a'}",,,,,,,,,,,,,,,,,,,,,,,,,,,,,,,,,,,,,
27,22aab2fb-fcc3-47d6-a857-70227723494c,Mapillary,500236801200574,Manual,47.90232561116037,1.9011175632476809,2021-07-07 19:44:07+02:00,Summer,5760,2880,0.0,spherical,111,Rf2UEBpDcCjGFtdSybk1iJ,,1625679847000.0,,,,0.0,,,,162.21,0.9872439086523,1.8882872490212,14.501741538665,"{'type': 'Point', 'coordinates': [1.9011046845992, 47.902277150288]}","[1.580931, -0.224113, 0.174802]",1.0,True,1337745167.0,"{'id': '343907400517769', 'url': 'https:\\/\\/scontent-xsp1-3.xx.fbcdn.net\\/m1\\/v\\/t0.40361-6\\/An8ia81viT-_IUc8WDxle2duiXTqE272lKLaarJB3LgjuRymfKeI_gn12E1dGrL9x-2IPEqqJT8Uf-K67jj98PIVPf5dZp3b_x0quZKIUEw49BrmFMhpgptbqth4IygoI6M?ccb=10-5&oh=00_AfCOvKsJDgCok5gy5U0mDYnmWLmg2z4XVVlGYlTr_JxElw&oe=643A64D8&_nc_sid=d122da'}",,"{'id': '938987610000666', 'url': 'https:\\/\\/scontent-xsp1-3.xx.fbcdn.net\\/m1\\/v\\/t0.40383-6\\/An-_uWjVq6AgJRee9YERtX-tyFHQ4Ybtkslfs9jj70xjEiIfpio5ip0-LxJCHudzZirxoZDBuYtNqMvzNEEOGFwrhvDadINLatjMwqxYhlWDnUu357hvkQM0BMpdCcKXGZIZflQOMUgXJg?ccb=10-5&oh=00_AfAtAEhkBaojdm2xJeV9biDvmTK-MEhTz3EE43dsN08jkw&oe=643A6B5C&_nc_sid=0f319a'}",,,,,,,,,,,,,,,,,,,,,,,,,,,,,,,,,,,,,
28,21da6685-c215-4b47-9a7d-8fefb790fcb2,Mapillary,2935461220075965,Manual,44.000509459110646,-79.46405231952667,2020-03-07 16:37:20.990000-05:00,Spring,3840,2160,253.27035649954,fisheye,115,v4lzilsagfpqi6ydasgpvi,,1583617040990.0,,"[0.50214137033101, -0.053410796042456, -0.0048560974165157]",,0.28015873015873,,,,253.8995,1.3150661739181,269.96410021465,256.9154686958,"{'type': 'Point', 'coordinates': [-79.463895601814, 44.000484773147]}","[1.1138843797203, 1.3002659763732, -1.4611081326433]",1.0,False,3.780257443577e+18,"{'id': '329991598488247', 'url': 'https:\\/\\/scontent-xsp1-3.xx.fbcdn.net\\/m1\\/v\\/t0.40361-6\\/An-SfdgOU6x1FRv1sX-PvbOBYH4-j7mbxxpku4D4to8vZKEIe6-lfq8KVvqVbO9UfwgKvmBxzDhwX6bA6gZcLacXDB3SV1vs7OG8Mjh3OdKs0pNCb2Y0K1AEIRVqEcWMMtk?ccb=10-5&oh=00_AfBFYXhsMPaBzX9lj_bAH3dor9gR-O6J15FhWfAeA_cMYQ&oe=643A6F67&_nc_sid=d122da'}",511759473282597.0,"{'id': '252343993327010', 'url': 'https:\\/\\/scontent-xsp1-3.xx.fbcdn.net\\/m1\\/v\\/t0.40383-6\\/An_vrZuxaS2X4iuSrhnHSpBQBYLb9lxj7ySCVvVjA8Op7_n6pjuPYNEzThSi5kw1_PUdG1uh7wpMycapjrQ_Hi_Azhe3-WPOH-ADwhtU3bnwZGDADcOxcI9OfTJs_FpztgphBuImyMSy?ccb=10-5&oh=00_AfBfc2nM--DhYTD0ni3Qurv0DDQxt2In47CMPzY-uaYBVQ&oe=643A5E53&_nc_sid=0f319a'}",,,,,,,,,,,,,,,,,,,,,,,,,,,,,,,,,,,,,
29,19c9cb57-4eb9-452a-966f-3da37a6a8a8a,Mapillary,908523803329750,Manual,52.10537505935619,9.357513785362244,2019-10-31 11:05:24.013000+01:00,Autumn,4000,2250,21.849212646484,perspective,7,zgcs8630x6tj2ad00ne1d0,,1572516324013.0,,"[0.78980636162563, 0.039311130421984, -0.026473166608834]",,0.8780487804878,,,,114.19999694824,1.0988447730815,2.3676933646202,8.5089767272849,"{'type': 'Point', 'coordinates': [9.3575274700942, 52.105454155156]}","[1.5498964939378, -0.12698019183656, 0.10548978763693]",1.0,False,3.4833087796158e+18,"{'id': '1160416921049298', 'url': 'https:\\/\\/scontent-xsp1-3.xx.fbcdn.net\\/m1\\/v\\/t0.40361-6\\/An__zM6Vdulj9IqZ5DWvTnbsr2EJ6EG1pxpnt_a3D1Aofkg5YHxHY6VYMKpqjyOeKr6GlbeojwMBk9gtpw272Mz8erbchEKkxuS3wCeoYIKK-nPE9-ggQ-b4SYaAjswxzBjS?ccb=10-5&oh=00_AfDDYa_QALrVx5lxbbmizV5uWfImatzioSBIubpBJdalmw&oe=643A73F0&_nc_sid=d122da'}",,"{'id': '3108406252724567', 'url': 'https:\\/\\/scontent-xsp1-3.xx.fbcdn.net\\/m1\\/v\\/t0.40383-6\\/An8mVsj0zoEtL-Gh-Ja2Qw8AMYARuvHEMKzbdh52ukC1bZDb7RFD1jaVzzLfSi0dTBqMOlwEtcmm1uWcFTqBA3j1lEWg6R8sINKCgePhlfxlOgFh0xrdbDFHFU2g2hzaWWofd8RKq2Ie?ccb=10-5&oh=00_AfBn2CpPBJ72fORULbp4nkuhb88dKkWQCwpwhwHbPHIXgw&oe=643A707F&_nc_sid=0f319a'}",,,,,,,,,,,,,,,,,,,,,,,,,,,,,,,,,,,,,
30,175b878c-d03a-4655-b02f-759312fe58cc,Mapillary,1351283651916585,Manual,47.9060656146134,1.9091373682022093,2019-10-11 17:09:45.867000+02:00,Autumn,3968,2240,295.84350585938,perspective,232,mkvrgxt3r4ake0aqjtm6r3,,1570806585867.0,,"[0.74539824746134, 0.026604732967788, -0.021802963907373]",,0.8354527938343,,,,157.40000915527,1.0212349618256,2.2500212462619,291.31871935765,"{'type': 'Point', 'coordinates': [1.9090417200699, 47.906005462951]}","[1.386896762435, 0.88160617232248, -0.98684190008464]",1.0,False,2.4689329499005e+18,"{'id': '939596943531378', 'url': 'https:\\/\\/scontent-xsp1-3.xx.fbcdn.net\\/m1\\/v\\/t0.40361-6\\/An-Mt5ezgHbqwzoO45nfgr9uzaWTns7TnjsX5v93WQ_WEHi4YlOpyXXdMspfW0bR_VHNm-nL3Awa9JSHhmvGzXseEnWbiVv5K3kO0S4ZjqQO-nz8zvp0HnH7VuI93UYKDKM?ccb=10-5&oh=00_AfChIyot5U_wY0zi5Nr7lqZ96_AEEBxE9ZK7j-eIXvq7Sw&oe=643A61F1&_nc_sid=d122da'}",,"{'id': '329535425407914', 'url': 'https:\\/\\/scontent-xsp1-3.xx.fbcdn.net\\/m1\\/v\\/t0.40383-6\\/An9D5II9rwfLirv0bbwZGum6VA3GaJHwGVpqjijGZ_uGoP8KLek0bH2GA_4-JY300Xi9gkUSpYSspCnISr9iN0Hwxgq5aGnR2iWBEPwXpjr5PIzIzvz-Ro6EBsl38SWSN-n-AO2CeRoMgg?ccb=10-5&oh=00_AfAleDfMshzAtsCFB57njH6zhJAjqlHWLv4C2e6edtVcrA&oe=643A6C02&_nc_sid=0f319a'}",,,,,,,,,,,,,,,,,,,,,,,,,,,,,,,,,,,,,
31,112eaf30-08be-450a-82f0-ebe271c1027a,Mapillary,776765546363571,Manual,43.99909326031161,-79.47038233280182,2020-03-15 13:08:23.990000-04:00,Spring,3840,2160,252.63128298839,fisheye,62,n9e9t4gzzwv5rskilj7qe9,,1584292103990.0,,"[0.51194913412766, -0.053337875533402, -0.0034075108661942]",,0.3095846701762,,,,250.01502145923,0.99908325168614,257.06489390973,258.13028230351,"{'type': 'Point', 'coordinates': [-79.47030116056, 43.9991597816]}","[1.05755423348, 1.2838266836795, -1.4166599601386]",1.0,False,3.4052321836247e+18,"{'id': '149807910501936', 'url': 'https:\\/\\/scontent-xsp1-3.xx.fbcdn.net\\/m1\\/v\\/t0.40361-6\\/An8m4CO4PEqV6pH0-GXQH21estg2qTXg0P-wiFkFIiRuHoOXk8UCJg7BN2k3esAWAE78ToTMxQ1qaiu9LYlkp4h63e20Djo6mK_VvDVXth6YRgLQMvsVsiuCW0WgKADQ5wg?ccb=10-5&oh=00_AfD4d3RAaLuhEEWCNzJKmOo8wTJZGM7b35Es5FY7JCyGEQ&oe=643A5635&_nc_sid=d122da'}",511759473282597.0,"{'id': '250131640203026', 'url': 'https:\\/\\/scontent-xsp1-3.xx.fbcdn.net\\/m1\\/v\\/t0.40383-6\\/An-zYhqgndvCBS9HMPeP9zyPYCepBs5addYXdAHOA4nYTeZUdygsvilqpTKQP63a4iMSNjPJky9T2wJgrTRxHNqJ06Mhw5sXfYPHjqlNgvSB96DxHEPaqXbP8zfYeem82bYKqbQkouxb?ccb=10-5&oh=00_AfAlj816fvn7SL5ENxgOxns8q7d5Ndc30v8UMLJ25ziU6g&oe=643A7903&_nc_sid=0f319a'}",,,,,,,,,,,,,,,,,,,,,,,,,,,,,,,,,,,,,
32,08291c85-45e9-4b7e-9c7f-8319df8cacaa,Mapillary,1032840184186814,Manual,47.91267828626982,1.9089335203170776,2021-08-13 19:06:48+02:00,Summer,5760,2880,0.0,spherical,426,3FS7LUmYxs61zgbvZRVdDC,,1628874408000.0,,,,0.0,,,,166.128,0.99893006271862,1.3325205082074,12.684508325703,"{'type': 'Point', 'coordinates': [1.9089338555903, 47.912637201983]}","[1.4859711618846, -0.37054227049148, -0.036622065184444]",1.0,True,662142816.0,"{'id': '573411763836850', 'url': 'https:\\/\\/scontent-xsp1-3.xx.fbcdn.net\\/m1\\/v\\/t0.40361-6\\/An8ZcmA9QTizknMQ7cFOoddr9GedJiK-yM_-tqPBgLu7_45mMe0c4UjIrpHkOsqrq6AbLjZVHI4qjzOq-gEKFoVAVP3dYf-4yC1pXmUP-s7F5deKVERSq0Sf-VqLTu8LkAc?ccb=10-5&oh=00_AfCG7kjRINGEPHyrn1Pq62ktlya3wQeqtfF20nWAtqiEhg&oe=643A5439&_nc_sid=d122da'}",,"{'id': '556851222122870', 'url': 'https:\\/\\/scontent-xsp1-3.xx.fbcdn.net\\/m1\\/v\\/t0.40383-6\\/An9aFJyfg0purYe17BCLx_NohMKQwlDwS8LBe7csru3dOGA4FlzSMdOSsiSJMAv6L-RLZaZLi7dZQh7qzQbTxxlcArbsRcBxSVnA0aZUfhvBQ5B1pdYSuCznavixxlfHQg1T8LsW39EN?ccb=10-5&oh=00_AfAb-9yR9_dBG7FJipZ_WZLNoxQ9EowuIiS6H9SJ5R8Ulg&oe=643A66CF&_nc_sid=0f319a'}",,,,,,,,,,,,,,,,,,,,,,,,,,,,,,,,,,,,,
33,05752827-e598-41ab-b2ad-4db807a6b54a,Mapillary,982334042549854,Manual,47.90220333725517,1.9049209356307983,2021-09-22 18:45:02.388000+02:00,Autumn,4000,2250,294.9258728027344,perspective,12,H0CFTuDGxX6EJpsrRMN5hU,,1632329102388.0,,"[0.70383046380488, -0.013480399135952, 0.0024213761266959]",,0.0,,,,154.23508964995,0.90753382823033,1.5992597760633,293.88625987475,"{'type': 'Point', 'coordinates': [1.9049684887775, 47.90224459754]}","[1.4889348341181, 0.84067155899093, -0.97416057295487]",1.0,False,1657805486.0,"{'id': '1127393874461542', 'url': 'https:\\/\\/scontent-xsp1-3.xx.fbcdn.net\\/m1\\/v\\/t0.40361-6\\/An9a-opJi2kTlGrJKNZuNakbKJbhhUXMP0BIERIkRK7E527ZL-XUW-4sZIzvHXBUhScJcUiRY-xYzXDH2bE49ZQL9hXLEbIPRjcm0oUAQvyp0FOTJd6UNcuD7weamMY3yQ-D?ccb=10-5&oh=00_AfCWQ0k55vPQnl7_vuDO5xP0OO9NzECLv8Vb1cF18eiAVQ&oe=643A5899&_nc_sid=d122da'}",,"{'id': '2376648865967000', 'url': 'https:\\/\\/scontent-xsp1-3.xx.fbcdn.net\\/m1\\/v\\/t0.40383-6\\/An800BklaEmkTRBReqqnW7l72JITj9XramrilZtZHVYpy2CFUdiZKvNomrTS_FpGSFhoFPnKJOKhLSXQr1q1N8GRbKj4ssJgVSjmnsApf4gvUvwqdFbaG9-c_TYTtgDbGLjETKnzOK1q?ccb=10-5&oh=00_AfAKg-UOMb_7Uu8a9G5HxeH_rajbjhi-YiM7-FHnwt8WSQ&oe=643A695C&_nc_sid=0f319a'}",,,,,,,,,,,,,,,,,,,,,,,,,,,,,,,,,,,,,
34,013626b6-b16f-44d4-b3cc-909b58841580,Mapillary,523933542098228,Manual,43.99994221187882,-79.458167552948,2018-08-23 17:07:27.050000-04:00,Summer,1920,1080,239.97811889648,,47,wmgif553rilysep2uvntjj,,1535058447050.0,,"[0.8, 0, 0]",,0.6406660412758,,,,0.0,,,,,,1.0,False,,"{'id': '195617669411271', 'url': 'https:\\/\\/scontent-xsp1-3.xx.fbcdn.net\\/m1\\/v\\/t0.40361-6\\/An9Nr_SLP9Wz9ASmRq1aJS1f7ERW3HerQ-QHh9Z3ZLJsumnusLp3ebmDHCILGoviDnnXgqeSFt9R9q3mYQ5vwjBt9WBmzJZsoOBjnIA-wJceKe9t-mtTgcKcfdfQlTbHTlk?ccb=10-5&oh=00_AfCe9jQ_hWHFsspiJXp7aoyzjnlKYG02k6Bo8s6egNOUFw&oe=643A708C&_nc_sid=d122da'}",,{'id': '205345627928878'},,,,,,,,,,,,,,,,,,,,,,,,,,,,,,,,,,,,,
35,009700da-2ab7-4e51-96ed-7bc3bc8df153,Mapillary,524061098757516,Manual,47.906216647537605,1.9113367795944207,2020-09-18 17:44:04.155000+02:00,Autumn,3968,2240,246.96017456055,perspective,472,emszjijqrfe4q6j92z272e,,1600443844155.0,,"[0.75, 0, 0]",,1.0,,,,0.0,1.0,2.0061213448644,251.31069187841,"{'type': 'Point', 'coordinates': [1.9113400901701, 47.906213906836]}","[1.027819954551, 1.4571114649542, -1.4294946807086]",1.0,False,4.0183262277094e+18,,,"{'id': '143240347732563', 'url': 'https:\\/\\/scontent-xsp1-3.xx.fbcdn.net\\/m1\\/v\\/t0.40383-6\\/An_7SRUvSFzxJqIBdl2WYBloc-UIMZt2u9NGY2enDlNfMTGNNFKDQL6OgBiqNHnAdacseLNuG9kf9PTg45XkF2TImi0dmSHCSdLrJruhg8ei3-7Fe3vJ93Z3y_3-mQu6puo58aJqyGJA?ccb=10-5&oh=00_AfD3C7iRlWm0I1fvl6mtDJyBG3SsGqlRarQC0Jvy5g4pRw&oe=643A6FC5&_nc_sid=0f319a'}",,,,,,,,,,,,,,,,,,,,,,,,,,,,,,,,,,,,,
36,eb94b1f3-8f42-450f-affc-aae9824b58fe,KartaView,1504505833,CV,47.907059,1.912147,2022-05-30 16:09:20+02:00,Spring,2560,1440,307.1,perspective,0,,5278553.0,,2022-05-30 14:09:20,,,,"[{'label': 2, 'confidence': 0.000842373, 'presence_level': 1}, {'label': 4, 'confidence': 0.14805433, 'presence_level': 1}, {'label': 1, 'confidence': 0.0020710398, 'presence_level': 1}, {'label': 3, 'confidence': 0.00023419388, 'presence_level': 1}, {'label': 5, 'confidence': 0.000702231, 'presence_level': 1}]",1.0,FINISHED,,,,,,,,,,,,,BLURRED,FINISHED,2022-05-30 14:16:08,2022-05-30 14:16:11,0.0,,2022/5/30/{{sizeprefix}}/5278553_cdc67_6294d1aaaf4bc.jpg,2022/5/30/lth/5278553_cdc67_6294d1aaaf4bc.jpg,2022/5/30/proc/5278553_cdc67_6294d1aaaf4bc.jpg,2022/5/30/th/5278553_cdc67_6294d1aaaf4bc.jpg,https://storage13.openstreetcam.org/files/photo/2022/5/30/{{sizeprefix}}/5278553_cdc67_6294d1aaaf4bc.jpg,https://storage13.openstreetcam.org/files/photo/2022/5/30/lth/5278553_cdc67_6294d1aaaf4bc.jpg,https://storage13.openstreetcam.org/files/photo/2022/5/30/proc/5278553_cdc67_6294d1aaaf4bc.jpg,https://storage13.openstreetcam.org/files/photo/2022/5/30/th/5278553_cdc67_6294d1aaaf4bc.jpg,0.0,0.0,0.0,318.21,NONE,0.0,0.0,0.0,0.0,0.0,5278553_cdc67_6294d1aaaf4bc.jpg,CMNT,0.0,0.0,active,storage13,0.0,0.0,0.0,0.0,public,0.0,0.0
37,d919a705-e19d-4924-9c61-ca66378d49d7,KartaView,1504508409,CV,47.903857,1.910698,2022-05-30 16:24:19+02:00,Spring,2560,1440,87.69,perspective,60,,5278713.0,,2022-05-30 14:24:19,,,,"[{'label': 2, 'confidence': 0.0010809844, 'presence_level': 1}, {'label': 4, 'confidence': 0.007323919, 'presence_level': 1}, {'label': 1, 'confidence': 0.00013491401, 'presence_level': 1}, {'label': 3, 'confidence': 0.00016619226, 'presence_level': 1}, {'label': 5, 'confidence': 0.0001053785, 'presence_level': 1}]",1.0,FINISHED,,,,,,,,,,,,,BLURRED,FINISHED,2022-05-30 14:30:24,2022-05-30 14:31:12,0.0,,2022/5/30/{{sizeprefix}}/5278713_5aa7f_6294d52fe5882.jpg,2022/5/30/lth/5278713_5aa7f_6294d52fe5882.jpg,2022/5/30/proc/5278713_5aa7f_6294d52fe5882.jpg,2022/5/30/th/5278713_5aa7f_6294d52fe5882.jpg,https://storage13.openstreetcam.org/files/photo/2022/5/30/{{sizeprefix}}/5278713_5aa7f_6294d52fe5882.jpg,https://storage13.openstreetcam.org/files/photo/2022/5/30/lth/5278713_5aa7f_6294d52fe5882.jpg,https://storage13.openstreetcam.org/files/photo/2022/5/30/proc/5278713_5aa7f_6294d52fe5882.jpg,https://storage13.openstreetcam.org/files/photo/2022/5/30/th/5278713_5aa7f_6294d52fe5882.jpg,0.0,0.0,0.0,114.6,NONE,0.0,0.0,0.0,0.0,0.0,5278713_5aa7f_6294d52fe5882.jpg,CMNT,0.0,0.0,active,storage13,0.0,0.0,0.0,0.0,public,0.0,0.0
38,6a6fc3fb-a4fc-482d-96dd-b8be1c66e74d,KartaView,440181229,CV,47.898867,1.896275,2019-06-21 14:48:01+02:00,Summer,4160,3120,,perspective,1494,,1563729.0,,2019-06-21 12:48:01,,,,,,NEW,,,,,,,,,,,,,BLURRED,FINISHED,2019-06-22 14:41:17,2021-09-03 15:41:02,9.92,,2019/6/22/{{sizeprefix}}/1563729_690e3_5d0e3e0c42ec9.jpg,2019/6/22/lth/1563729_690e3_5d0e3e0c42ec9.jpg,2019/6/22/proc/1563729_690e3_5d0e3e0c42ec9.jpg,2019/6/22/th/1563729_690e3_5d0e3e0c42ec9.jpg,https://storage11.openstreetcam.org/files/photo/2019/6/22/{{sizeprefix}}/1563729_690e3_5d0e3e0c42ec9.jpg,https://storage11.openstreetcam.org/files/photo/2019/6/22/lth/1563729_690e3_5d0e3e0c42ec9.jpg,https://storage11.openstreetcam.org/files/photo/2019/6/22/proc/1563729_690e3_5d0e3e0c42ec9.jpg,https://storage11.openstreetcam.org/files/photo/2019/6/22/th/1563729_690e3_5d0e3e0c42ec9.jpg,249481208.0,0.0,0.0,160.59,NONE,0.0,0.0,47.89886474609375,1.896364688873291,,1563729_690e3_5d0e3e0c42ec9.jpg,CMNT,0.0,,active,storage11,456983716.0,0.0,,,public,26007881.0,0.0
39,195a2083-f4bb-40b8-96cf-06779a7f20b9,KartaView,1504508985,CV,47.902728,1.910738,2022-05-30 16:28:25+02:00,Spring,2560,1440,197.96,perspective,1,,5278729.0,,2022-05-30 14:28:25,,,,"[{'label': 2, 'confidence': 3.097257e-05, 'presence_level': 1}, {'label': 4, 'confidence': 0.89839166, 'presence_level': 2}, {'label': 1, 'confidence': 0.0018670798, 'presence_level': 1}, {'label': 3, 'confidence': 5.1362018e-05, 'presence_level': 1}, {'label': 5, 'confidence': 0.10488533, 'presence_level': 1}]",2.0,FINISHED,,,,,,,,,,,,,BLURRED,FINISHED,2022-05-30 14:32:25,2022-05-30 14:32:31,0.0,,2022/5/30/{{sizeprefix}}/5278729_f3ccd_6294d57ed5cc7.jpg,2022/5/30/lth/5278729_f3ccd_6294d57ed5cc7.jpg,2022/5/30/proc/5278729_f3ccd_6294d57ed5cc7.jpg,2022/5/30/th/5278729_f3ccd_6294d57ed5cc7.jpg,https://storage13.openstreetcam.org/files/photo/2022/5/30/{{sizeprefix}}/5278729_f3ccd_6294d57ed5cc7.jpg,https://storage13.openstreetcam.org/files/photo/2022/5/30/lth/5278729_f3ccd_6294d57ed5cc7.jpg,https://storage13.openstreetcam.org/files/photo/2022/5/30/proc/5278729_f3ccd_6294d57ed5cc7.jpg,https://storage13.openstreetcam.org/files/photo/2022/5/30/th/5278729_f3ccd_6294d57ed5cc7.jpg,639342384.0,0.0,0.0,193.19,NONE,0.0,0.0,47.902618408203125,1.910781025886536,0.0,5278729_f3ccd_6294d57ed5cc7.jpg,CMNT,0.0,0.0,active,storage13,249481223.0,0.0,0.0,0.0,public,34243698.0,0.0
